uid,iid,train_size,pert_ratio,robustness_5,robustness_10,robustness_15,mae,neighbors,dist_to_neigh
25432,15110,100,0.0,0.5263673797426549,0.6965247310846089,0.6965247310846089,0.002150968836544806,104256;135497;34319;64552;16974;36664;86965;87404;119551;125783;26692;59830;3566;90970;81277,0.594706458430359;0.614430984412589;0.6200035158270552;0.6232978833451903;0.6949692627163222;0.722430932477444;0.7706705442094635;0.7764780334635666;0.7789896445607258;0.7793385164714429;0.7819277181422187;0.783498021392386;0.8866830204370556;0.8896924007241003;0.98437872395856
25432,15110,100,0.5,1.8403033954040384,1.8403033954040384,1.8403033954040384,3.708750715414592,17173;87100;16974;89930;84045;132037;11339;109277;69965;121102;138162;34245;85692;81497;15447,0.5426487583879389;0.6609913146199412;0.6949692627163222;0.7029708248327855;0.7173971823357281;0.7190569169856502;0.7414062011928497;0.748264479760337;0.7963296435056431;0.7986209734516229;0.8155441418499126;0.8261589574376107;0.8458498939899775;0.9546889773962326;0.9758782868529722
25432,15110,100,1.0,1.6110995899845235,1.6110995899845235,1.6110995899845235,3.704319849521806,46935;15246;87100;2748;133155;36000;3605;14534;21549;115358;137955;12710;101513;34245;75818,0.5501896727900082;0.6520244421808509;0.6609913146199412;0.6867405455232916;0.6876775644508513;0.6906222509411863;0.7074339633562405;0.7154666882952042;0.7334242729276432;0.7342001378091346;0.8133237755205418;0.8155963377697087;0.8172313050099549;0.8261589574376107;0.8633966623828768
